﻿{"cameraMode":{"drawMode":0,"name":"Shaded","section":"Shading Mode"},"sceneLighting":false,"audioPlay":false,"sceneViewState":{"showFog":true,"showMaterialUpdate":true,"showSkybox":false,"showFlares":true,"showImageEffects":true,"showParticleSystems":true},"in2DMode":false,"pivot":{"x":3.8399999141693117,"y":0.7900000214576721,"z":-3.2799999713897707},"rotation":{"x":0.322394460439682,"y":-0.6149807572364807,"z":0.3039577007293701,"w":0.6522808074951172},"size":2.0809543132781984,"orthographic":false}