﻿{"cameraMode":{"drawMode":0,"name":"Shaded","section":"Shading Mode"},"sceneLighting":false,"audioPlay":false,"sceneViewState":{"showFog":true,"showMaterialUpdate":true,"showSkybox":false,"showFlares":true,"showImageEffects":true,"showParticleSystems":true},"in2DMode":false,"pivot":{"x":-3.7839999198913576,"y":0.7929999828338623,"z":-3.7279999256134035},"rotation":{"x":0.038258329033851626,"y":-0.9587470889091492,"z":0.23405444622039796,"w":0.15671269595623017},"size":2.0809547901153566,"orthographic":false}