﻿{"cameraMode":{"drawMode":0,"name":"Shaded","section":"Shading Mode"},"sceneLighting":false,"audioPlay":false,"sceneViewState":{"showFog":true,"showMaterialUpdate":true,"showSkybox":false,"showFlares":true,"showImageEffects":true,"showParticleSystems":true},"in2DMode":false,"pivot":{"x":-3.880000114440918,"y":0.7900000214576721,"z":3.359999895095825},"rotation":{"x":-0.3777112364768982,"y":0.0022369183134287597,"z":-0.0009114816202782095,"w":-0.925920307636261},"size":2.0809547901153566,"orthographic":false}