﻿{"cameraMode":{"drawMode":0,"name":"Shaded","section":"Shading Mode"},"sceneLighting":true,"audioPlay":false,"sceneViewState":{"showFog":true,"showMaterialUpdate":true,"showSkybox":true,"showFlares":true,"showImageEffects":true,"showParticleSystems":true},"in2DMode":false,"pivot":{"x":0.5450726747512817,"y":4.502862930297852,"z":-2.4197094440460207},"rotation":{"x":0.3559882342815399,"y":0.5852126479148865,"z":-0.3177660405635834,"w":0.655609130859375},"size":3.2809605598449709,"orthographic":false}